when,stage,step,total,alpha,beta,loss,rmse,best_alpha,best_beta,best_loss,best_rmse,violation_rate
2025-10-17T19:36:18,stage1,1,156,0.0,0.3,0.918065,0.087467,,,inf,inf,0.053411
2025-10-17T19:36:24,stage1,2,156,0.0,0.5,0.720094,0.077465,0.0,0.3,0.9180649155960596,0.08746737084936586,0.000175
2025-10-17T19:36:31,stage1,3,156,0.0,0.7,0.663329,0.074349,0.0,0.5,0.720094352958689,0.07746474213896114,2.2e-05
2025-10-17T19:36:37,stage1,4,156,0.0,0.9,0.796313,0.081461,0.0,0.7,0.6633291124590395,0.074348790197456,1.7e-05
2025-10-17T19:36:44,stage1,5,156,0.0,1.1,0.876537,0.085466,0.0,0.7,0.6633291124590395,0.074348790197456,0.0
2025-10-17T19:36:50,stage1,6,156,0.0,1.3,0.859697,0.084641,0.0,0.7,0.6633291124590395,0.074348790197456,0.0
2025-10-17T19:36:57,stage1,7,156,0.0,1.5,0.888697,0.086057,0.0,0.7,0.6633291124590395,0.074348790197456,0.0
2025-10-17T19:37:03,stage1,8,156,0.0,1.7000000000000002,0.877066,0.085492,0.0,0.7,0.6633291124590395,0.074348790197456,0.0
2025-10-17T19:37:10,stage1,9,156,0.0,1.9000000000000001,0.877609,0.085518,0.0,0.7,0.6633291124590395,0.074348790197456,0.0
2025-10-17T19:37:16,stage1,10,156,0.0,2.1,0.86209,0.084759,0.0,0.7,0.6633291124590395,0.074348790197456,0.0
2025-10-17T19:37:23,stage1,11,156,0.0,2.3000000000000003,0.886665,0.085959,0.0,0.7,0.6633291124590395,0.074348790197456,0.0
2025-10-17T19:37:29,stage1,12,156,0.0,2.5,0.862569,0.084783,0.0,0.7,0.6633291124590395,0.074348790197456,0.0
2025-10-17T19:37:36,stage1,13,156,0.5,0.3,0.959552,0.089422,0.0,0.7,0.6633291124590395,0.074348790197456,0.0
2025-10-17T19:37:43,stage1,14,156,0.5,0.5,0.954187,0.089172,0.0,0.7,0.6633291124590395,0.074348790197456,0.0
2025-10-17T19:37:49,stage1,15,156,0.5,0.7,0.946283,0.088801,0.0,0.7,0.6633291124590395,0.074348790197456,0.0
2025-10-17T19:37:56,stage1,16,156,0.5,0.9,0.712385,0.077049,0.0,0.7,0.6633291124590395,0.074348790197456,0.0
2025-10-17T19:38:03,stage1,17,156,0.5,1.1,0.630162,0.072466,0.0,0.7,0.6633291124590395,0.074348790197456,0.0
2025-10-17T19:38:12,stage1,18,156,0.5,1.3,0.686123,0.075615,0.5,1.1,0.630161515318175,0.07246617114892157,0.0
2025-10-17T19:38:18,stage1,19,156,0.5,1.5,0.906868,0.086932,0.5,1.1,0.630161515318175,0.07246617114892157,0.0
2025-10-17T19:38:25,stage1,20,156,0.5,1.7000000000000002,0.846652,0.083997,0.5,1.1,0.630161515318175,0.07246617114892157,0.0
2025-10-17T19:38:32,stage1,21,156,0.5,1.9000000000000001,0.999064,0.091244,0.5,1.1,0.630161515318175,0.07246617114892157,0.0
2025-10-17T19:38:38,stage1,22,156,0.5,2.1,0.885453,0.0859,0.5,1.1,0.630161515318175,0.07246617114892157,0.0
2025-10-17T19:38:45,stage1,23,156,0.5,2.3000000000000003,0.919987,0.087559,0.5,1.1,0.630161515318175,0.07246617114892157,0.0
2025-10-17T19:38:52,stage1,24,156,0.5,2.5,0.868165,0.085057,0.5,1.1,0.630161515318175,0.07246617114892157,0.0
2025-10-17T19:38:58,stage1,25,156,1.0,0.3,1.10719,0.096055,0.5,1.1,0.630161515318175,0.07246617114892157,0.0
2025-10-17T19:39:05,stage1,26,156,1.0,0.5,1.102114,0.095835,0.5,1.1,0.630161515318175,0.07246617114892157,0.0
2025-10-17T19:39:12,stage1,27,156,1.0,0.7,0.914053,0.087276,0.5,1.1,0.630161515318175,0.07246617114892157,0.0
2025-10-17T19:39:18,stage1,28,156,1.0,0.9,1.071823,0.094508,0.5,1.1,0.630161515318175,0.07246617114892157,0.0
2025-10-17T19:39:25,stage1,29,156,1.0,1.1,1.053467,0.093696,0.5,1.1,0.630161515318175,0.07246617114892157,0.0
2025-10-17T19:39:32,stage1,30,156,1.0,1.3,1.083968,0.095042,0.5,1.1,0.630161515318175,0.07246617114892157,0.0
2025-10-17T19:39:38,stage1,31,156,1.0,1.5,1.019725,0.092183,0.5,1.1,0.630161515318175,0.07246617114892157,0.0
2025-10-17T19:39:45,stage1,32,156,1.0,1.7000000000000002,1.020904,0.092236,0.5,1.1,0.630161515318175,0.07246617114892157,0.0
2025-10-17T19:39:53,stage1,33,156,1.0,1.9000000000000001,0.771207,0.080167,0.5,1.1,0.630161515318175,0.07246617114892157,0.0
2025-10-17T19:39:59,stage1,34,156,1.0,2.1,1.084963,0.095086,0.5,1.1,0.630161515318175,0.07246617114892157,0.0
2025-10-17T19:40:06,stage1,35,156,1.0,2.3000000000000003,1.162053,0.098406,0.5,1.1,0.630161515318175,0.07246617114892157,0.0
2025-10-17T19:40:13,stage1,36,156,1.0,2.5,0.9068,0.086929,0.5,1.1,0.630161515318175,0.07246617114892157,0.0
2025-10-17T19:40:19,stage1,37,156,1.5,0.3,1.168067,0.09866,0.5,1.1,0.630161515318175,0.07246617114892157,0.0
2025-10-17T19:40:26,stage1,38,156,1.5,0.5,1.165574,0.098555,0.5,1.1,0.630161515318175,0.07246617114892157,0.0
2025-10-17T19:40:32,stage1,39,156,1.5,0.7,1.112587,0.096289,0.5,1.1,0.630161515318175,0.07246617114892157,0.0
2025-10-17T19:40:39,stage1,40,156,1.5,0.9,1.14073,0.097499,0.5,1.1,0.630161515318175,0.07246617114892157,0.0
2025-10-17T19:40:45,stage1,41,156,1.5,1.1,1.078209,0.09479,0.5,1.1,0.630161515318175,0.07246617114892157,0.0
2025-10-17T19:40:52,stage1,42,156,1.5,1.3,1.1269,0.096906,0.5,1.1,0.630161515318175,0.07246617114892157,0.0
2025-10-17T19:40:59,stage1,43,156,1.5,1.5,0.744382,0.07876,0.5,1.1,0.630161515318175,0.07246617114892157,0.0
2025-10-17T19:41:06,stage1,44,156,1.5,1.7000000000000002,1.162373,0.09842,0.5,1.1,0.630161515318175,0.07246617114892157,0.0
2025-10-17T19:41:12,stage1,45,156,1.5,1.9000000000000001,1.176337,0.099009,0.5,1.1,0.630161515318175,0.07246617114892157,0.0
2025-10-17T19:41:19,stage1,46,156,1.5,2.1,1.036372,0.092932,0.5,1.1,0.630161515318175,0.07246617114892157,0.0
2025-10-17T19:41:25,stage1,47,156,1.5,2.3000000000000003,1.204143,0.100172,0.5,1.1,0.630161515318175,0.07246617114892157,0.0
2025-10-17T19:41:32,stage1,48,156,1.5,2.5,1.293948,0.103841,0.5,1.1,0.630161515318175,0.07246617114892157,0.0
2025-10-17T19:41:38,stage1,49,156,2.0,0.3,1.242601,0.10176,0.5,1.1,0.630161515318175,0.07246617114892157,0.0
2025-10-17T19:41:45,stage1,50,156,2.0,0.5,0.860691,0.08469,0.5,1.1,0.630161515318175,0.07246617114892157,0.0
2025-10-17T19:41:52,stage1,51,156,2.0,0.7,1.177911,0.099075,0.5,1.1,0.630161515318175,0.07246617114892157,0.0
2025-10-17T19:41:58,stage1,52,156,2.0,0.9,1.070737,0.094461,0.5,1.1,0.630161515318175,0.07246617114892157,0.0
2025-10-17T19:42:05,stage1,53,156,2.0,1.1,1.076984,0.094736,0.5,1.1,0.630161515318175,0.07246617114892157,0.0
2025-10-17T19:42:11,stage1,54,156,2.0,1.3,1.120241,0.09662,0.5,1.1,0.630161515318175,0.07246617114892157,0.0
2025-10-17T19:42:18,stage1,55,156,2.0,1.5,1.111212,0.096229,0.5,1.1,0.630161515318175,0.07246617114892157,0.0
2025-10-17T19:42:24,stage1,56,156,2.0,1.7000000000000002,1.161662,0.09839,0.5,1.1,0.630161515318175,0.07246617114892157,0.0
2025-10-17T19:42:31,stage1,57,156,2.0,1.9000000000000001,1.207848,0.100326,0.5,1.1,0.630161515318175,0.07246617114892157,0.0
2025-10-17T19:42:37,stage1,58,156,2.0,2.1,1.179101,0.099125,0.5,1.1,0.630161515318175,0.07246617114892157,0.0
2025-10-17T19:42:44,stage1,59,156,2.0,2.3000000000000003,1.226667,0.101105,0.5,1.1,0.630161515318175,0.07246617114892157,0.0
2025-10-17T19:42:51,stage1,60,156,2.0,2.5,1.301792,0.104155,0.5,1.1,0.630161515318175,0.07246617114892157,0.0
2025-10-17T19:42:58,stage1,61,156,2.5,0.3,1.194328,0.099763,0.5,1.1,0.630161515318175,0.07246617114892157,0.0
2025-10-17T19:43:04,stage1,62,156,2.5,0.5,0.684515,0.075527,0.5,1.1,0.630161515318175,0.07246617114892157,0.0
2025-10-17T19:43:11,stage1,63,156,2.5,0.7,1.119943,0.096607,0.5,1.1,0.630161515318175,0.07246617114892157,0.0
2025-10-17T19:43:18,stage1,64,156,2.5,0.9,0.971701,0.089986,0.5,1.1,0.630161515318175,0.07246617114892157,0.0
2025-10-17T19:43:24,stage1,65,156,2.5,1.1,1.096796,0.095603,0.5,1.1,0.630161515318175,0.07246617114892157,0.0
2025-10-17T19:43:31,stage1,66,156,2.5,1.3,1.056175,0.093816,0.5,1.1,0.630161515318175,0.07246617114892157,0.0
2025-10-17T19:43:38,stage1,67,156,2.5,1.5,1.025695,0.092452,0.5,1.1,0.630161515318175,0.07246617114892157,0.0
2025-10-17T19:43:44,stage1,68,156,2.5,1.7000000000000002,1.108563,0.096115,0.5,1.1,0.630161515318175,0.07246617114892157,0.0
2025-10-17T19:43:51,stage1,69,156,2.5,1.9000000000000001,1.131537,0.097105,0.5,1.1,0.630161515318175,0.07246617114892157,0.0
2025-10-17T19:43:57,stage1,70,156,2.5,2.1,1.090527,0.09533,0.5,1.1,0.630161515318175,0.07246617114892157,0.0
2025-10-17T19:44:04,stage1,71,156,2.5,2.3000000000000003,1.151815,0.097972,0.5,1.1,0.630161515318175,0.07246617114892157,0.0
2025-10-17T19:44:10,stage1,72,156,2.5,2.5,1.200042,0.100002,0.5,1.1,0.630161515318175,0.07246617114892157,0.0
2025-10-17T19:44:17,stage1,73,156,3.0,0.3,1.103773,0.095907,0.5,1.1,0.630161515318175,0.07246617114892157,0.0
2025-10-17T19:44:23,stage1,74,156,3.0,0.5,1.177902,0.099075,0.5,1.1,0.630161515318175,0.07246617114892157,0.0
2025-10-17T19:44:30,stage1,75,156,3.0,0.7,0.832735,0.083303,0.5,1.1,0.630161515318175,0.07246617114892157,0.0
2025-10-17T19:44:36,stage1,76,156,3.0,0.9,1.095807,0.09556,0.5,1.1,0.630161515318175,0.07246617114892157,0.0
2025-10-17T19:44:43,stage1,77,156,3.0,1.1,0.994309,0.091027,0.5,1.1,0.630161515318175,0.07246617114892157,0.0
2025-10-17T19:44:49,stage1,78,156,3.0,1.3,1.033081,0.092785,0.5,1.1,0.630161515318175,0.07246617114892157,0.0
2025-10-17T19:44:56,stage1,79,156,3.0,1.5,0.948868,0.088923,0.5,1.1,0.630161515318175,0.07246617114892157,0.0
2025-10-17T19:45:02,stage1,80,156,3.0,1.7000000000000002,1.086224,0.095141,0.5,1.1,0.630161515318175,0.07246617114892157,0.0
2025-10-17T19:45:09,stage1,81,156,3.0,1.9000000000000001,0.950432,0.088996,0.5,1.1,0.630161515318175,0.07246617114892157,0.0
2025-10-17T19:45:17,stage1,82,156,3.0,2.1,0.768656,0.080034,0.5,1.1,0.630161515318175,0.07246617114892157,0.0
2025-10-17T19:45:23,stage1,83,156,3.0,2.3000000000000003,1.032912,0.092777,0.5,1.1,0.630161515318175,0.07246617114892157,0.0
2025-10-17T19:45:30,stage1,84,156,3.0,2.5,1.090037,0.095308,0.5,1.1,0.630161515318175,0.07246617114892157,0.0
2025-10-17T19:45:37,stage1,85,156,3.5,0.3,1.26937,0.10285,0.5,1.1,0.630161515318175,0.07246617114892157,0.0
2025-10-17T19:45:43,stage1,86,156,3.5,0.5,1.090962,0.095349,0.5,1.1,0.630161515318175,0.07246617114892157,0.0
2025-10-17T19:45:50,stage1,87,156,3.5,0.7,1.155332,0.098121,0.5,1.1,0.630161515318175,0.07246617114892157,0.0
2025-10-17T19:45:57,stage1,88,156,3.5,0.9,0.992839,0.09096,0.5,1.1,0.630161515318175,0.07246617114892157,0.0
2025-10-17T19:46:03,stage1,89,156,3.5,1.1,0.988997,0.090784,0.5,1.1,0.630161515318175,0.07246617114892157,0.0
2025-10-17T19:46:10,stage1,90,156,3.5,1.3,0.999758,0.091276,0.5,1.1,0.630161515318175,0.07246617114892157,0.0
2025-10-17T19:46:16,stage1,91,156,3.5,1.5,1.045317,0.093333,0.5,1.1,0.630161515318175,0.07246617114892157,0.0
2025-10-17T19:46:23,stage1,92,156,3.5,1.7000000000000002,0.92151,0.087631,0.5,1.1,0.630161515318175,0.07246617114892157,0.0
2025-10-17T19:46:30,stage1,93,156,3.5,1.9000000000000001,0.882747,0.085768,0.5,1.1,0.630161515318175,0.07246617114892157,0.0
2025-10-17T19:46:37,stage1,94,156,3.5,2.1,0.748568,0.078981,0.5,1.1,0.630161515318175,0.07246617114892157,0.0
2025-10-17T19:46:45,stage1,95,156,3.5,2.3000000000000003,0.764588,0.079822,0.5,1.1,0.630161515318175,0.07246617114892157,0.0
2025-10-17T19:46:52,stage1,96,156,3.5,2.5,1.051194,0.093595,0.5,1.1,0.630161515318175,0.07246617114892157,0.0
2025-10-17T19:46:58,stage1,97,156,4.0,0.3,1.120368,0.096625,0.5,1.1,0.630161515318175,0.07246617114892157,0.0
2025-10-17T19:47:05,stage1,98,156,4.0,0.5,0.896924,0.086454,0.5,1.1,0.630161515318175,0.07246617114892157,0.0
2025-10-17T19:47:12,stage1,99,156,4.0,0.7,1.051729,0.093618,0.5,1.1,0.630161515318175,0.07246617114892157,0.0
2025-10-17T19:47:18,stage1,100,156,4.0,0.9,1.067764,0.094329,0.5,1.1,0.630161515318175,0.07246617114892157,0.0
2025-10-17T19:47:25,stage1,101,156,4.0,1.1,0.974833,0.090131,0.5,1.1,0.630161515318175,0.07246617114892157,0.0
2025-10-17T19:47:31,stage1,102,156,4.0,1.3,0.891053,0.086171,0.5,1.1,0.630161515318175,0.07246617114892157,0.0
2025-10-17T19:47:38,stage1,103,156,4.0,1.5,0.944948,0.088739,0.5,1.1,0.630161515318175,0.07246617114892157,0.0
2025-10-17T19:47:44,stage1,104,156,4.0,1.7000000000000002,0.924121,0.087755,0.5,1.1,0.630161515318175,0.07246617114892157,0.0
2025-10-17T19:47:51,stage1,105,156,4.0,1.9000000000000001,0.96272,0.089569,0.5,1.1,0.630161515318175,0.07246617114892157,0.0
2025-10-17T19:47:57,stage1,106,156,4.0,2.1,0.99693,0.091147,0.5,1.1,0.630161515318175,0.07246617114892157,0.0
2025-10-17T19:48:04,stage1,107,156,4.0,2.3000000000000003,0.957954,0.089347,0.5,1.1,0.630161515318175,0.07246617114892157,0.0
2025-10-17T19:48:11,stage1,108,156,4.0,2.5,0.937799,0.088402,0.5,1.1,0.630161515318175,0.07246617114892157,0.0
2025-10-17T19:48:17,stage1,109,156,4.5,0.3,1.226865,0.101113,0.5,1.1,0.630161515318175,0.07246617114892157,0.0
2025-10-17T19:48:24,stage1,110,156,4.5,0.5,0.756958,0.079423,0.5,1.1,0.630161515318175,0.07246617114892157,0.0
2025-10-17T19:48:31,stage1,111,156,4.5,0.7,0.864662,0.084885,0.5,1.1,0.630161515318175,0.07246617114892157,0.0
2025-10-17T19:48:38,stage1,112,156,4.5,0.9,0.914915,0.087317,0.5,1.1,0.630161515318175,0.07246617114892157,0.0
2025-10-17T19:48:44,stage1,113,156,4.5,1.1,0.841692,0.08375,0.5,1.1,0.630161515318175,0.07246617114892157,0.0
2025-10-17T19:48:51,stage1,114,156,4.5,1.3,0.909882,0.087077,0.5,1.1,0.630161515318175,0.07246617114892157,0.0
2025-10-17T19:48:57,stage1,115,156,4.5,1.5,0.954307,0.089177,0.5,1.1,0.630161515318175,0.07246617114892157,0.0
2025-10-17T19:49:04,stage1,116,156,4.5,1.7000000000000002,0.872331,0.085261,0.5,1.1,0.630161515318175,0.07246617114892157,0.0
2025-10-17T19:49:11,stage1,117,156,4.5,1.9000000000000001,0.916513,0.087393,0.5,1.1,0.630161515318175,0.07246617114892157,0.0
2025-10-17T19:49:17,stage1,118,156,4.5,2.1,0.942164,0.088608,0.5,1.1,0.630161515318175,0.07246617114892157,0.0
2025-10-17T19:49:24,stage1,119,156,4.5,2.3000000000000003,0.900179,0.086611,0.5,1.1,0.630161515318175,0.07246617114892157,0.0
2025-10-17T19:49:31,stage1,120,156,4.5,2.5,0.890168,0.086128,0.5,1.1,0.630161515318175,0.07246617114892157,0.0
2025-10-17T19:49:37,stage1,121,156,5.0,0.3,0.801952,0.081749,0.5,1.1,0.630161515318175,0.07246617114892157,0.0
2025-10-17T19:49:44,stage1,122,156,5.0,0.5,1.038927,0.093047,0.5,1.1,0.630161515318175,0.07246617114892157,0.0
2025-10-17T19:49:51,stage1,123,156,5.0,0.7,0.743797,0.078729,0.5,1.1,0.630161515318175,0.07246617114892157,0.0
2025-10-17T19:49:57,stage1,124,156,5.0,0.9,0.944511,0.088718,0.5,1.1,0.630161515318175,0.07246617114892157,0.0
2025-10-17T19:50:04,stage1,125,156,5.0,1.1,0.752948,0.079212,0.5,1.1,0.630161515318175,0.07246617114892157,0.0
2025-10-17T19:50:11,stage1,126,156,5.0,1.3,0.938468,0.088434,0.5,1.1,0.630161515318175,0.07246617114892157,0.0
2025-10-17T19:50:17,stage1,127,156,5.0,1.5,0.814771,0.0824,0.5,1.1,0.630161515318175,0.07246617114892157,0.0
2025-10-17T19:50:24,stage1,128,156,5.0,1.7000000000000002,0.808964,0.082106,0.5,1.1,0.630161515318175,0.07246617114892157,0.0
2025-10-17T19:50:31,stage1,129,156,5.0,1.9000000000000001,0.867635,0.085031,0.5,1.1,0.630161515318175,0.07246617114892157,0.0
2025-10-17T19:50:37,stage1,130,156,5.0,2.1,0.858727,0.084594,0.5,1.1,0.630161515318175,0.07246617114892157,0.0
2025-10-17T19:50:44,stage1,131,156,5.0,2.3000000000000003,0.878573,0.085565,0.5,1.1,0.630161515318175,0.07246617114892157,0.0
2025-10-17T19:50:51,stage1,132,156,5.0,2.5,0.89198,0.086216,0.5,1.1,0.630161515318175,0.07246617114892157,0.0
2025-10-17T19:50:57,stage1,133,156,5.5,0.3,1.152629,0.098006,0.5,1.1,0.630161515318175,0.07246617114892157,0.0
2025-10-17T19:51:04,stage1,134,156,5.5,0.5,1.080962,0.094911,0.5,1.1,0.630161515318175,0.07246617114892157,0.0
2025-10-17T19:51:11,stage1,135,156,5.5,0.7,0.718657,0.077387,0.5,1.1,0.630161515318175,0.07246617114892157,0.0
2025-10-17T19:51:17,stage1,136,156,5.5,0.9,0.927103,0.087897,0.5,1.1,0.630161515318175,0.07246617114892157,0.0
2025-10-17T19:51:24,stage1,137,156,5.5,1.1,0.777653,0.080501,0.5,1.1,0.630161515318175,0.07246617114892157,0.0
2025-10-17T19:51:31,stage1,138,156,5.5,1.3,0.860649,0.084688,0.5,1.1,0.630161515318175,0.07246617114892157,0.0
2025-10-17T19:51:38,stage1,139,156,5.5,1.5,0.824601,0.082896,0.5,1.1,0.630161515318175,0.07246617114892157,0.0
2025-10-17T19:51:44,stage1,140,156,5.5,1.7000000000000002,0.878214,0.085548,0.5,1.1,0.630161515318175,0.07246617114892157,0.0
2025-10-17T19:51:51,stage1,141,156,5.5,1.9000000000000001,0.911793,0.087168,0.5,1.1,0.630161515318175,0.07246617114892157,0.0
2025-10-17T19:51:58,stage1,142,156,5.5,2.1,0.829135,0.083123,0.5,1.1,0.630161515318175,0.07246617114892157,0.0
2025-10-17T19:52:05,stage1,143,156,5.5,2.3000000000000003,0.855834,0.084451,0.5,1.1,0.630161515318175,0.07246617114892157,0.0
2025-10-17T19:52:11,stage1,144,156,5.5,2.5,0.8566,0.084489,0.5,1.1,0.630161515318175,0.07246617114892157,0.0
2025-10-17T19:52:18,stage1,145,156,6.0,0.3,1.057132,0.093859,0.5,1.1,0.630161515318175,0.07246617114892157,0.0
2025-10-17T19:52:25,stage1,146,156,6.0,0.5,1.002906,0.09142,0.5,1.1,0.630161515318175,0.07246617114892157,0.0
2025-10-17T19:52:31,stage1,147,156,6.0,0.7,0.988745,0.090772,0.5,1.1,0.630161515318175,0.07246617114892157,0.0
2025-10-17T19:52:38,stage1,148,156,6.0,0.9,0.820447,0.082687,0.5,1.1,0.630161515318175,0.07246617114892157,0.0
2025-10-17T19:52:44,stage1,149,156,6.0,1.1,0.843585,0.083844,0.5,1.1,0.630161515318175,0.07246617114892157,0.0
2025-10-17T19:52:51,stage1,150,156,6.0,1.3,0.865862,0.084944,0.5,1.1,0.630161515318175,0.07246617114892157,0.0
2025-10-17T19:52:58,stage1,151,156,6.0,1.5,0.798657,0.081581,0.5,1.1,0.630161515318175,0.07246617114892157,0.0
2025-10-17T19:53:04,stage1,152,156,6.0,1.7000000000000002,0.761896,0.079681,0.5,1.1,0.630161515318175,0.07246617114892157,0.0
2025-10-17T19:53:11,stage1,153,156,6.0,1.9000000000000001,0.738286,0.078437,0.5,1.1,0.630161515318175,0.07246617114892157,0.0
2025-10-17T19:53:18,stage1,154,156,6.0,2.1,0.840006,0.083666,0.5,1.1,0.630161515318175,0.07246617114892157,0.0
2025-10-17T19:53:25,stage1,155,156,6.0,2.3000000000000003,0.85699,0.084508,0.5,1.1,0.630161515318175,0.07246617114892157,0.0
2025-10-17T19:53:31,stage1,156,156,6.0,2.5,0.840298,0.083681,0.5,1.1,0.630161515318175,0.07246617114892157,0.0
2025-10-17T19:53:38,stage2,1,300,0.0,0.5000000000000001,0.715401,0.077212,,,inf,inf,0.000103
2025-10-17T19:53:45,stage2,2,300,0.0,0.5500000000000002,0.737139,0.078376,0.0,0.5000000000000001,0.715401209486175,0.07721189510508161,8.6e-05
2025-10-17T19:53:51,stage2,3,300,0.0,0.6000000000000002,0.752051,0.079165,0.0,0.5000000000000001,0.715401209486175,0.07721189510508161,8e-06
2025-10-17T19:53:58,stage2,4,300,0.0,0.6500000000000002,0.772192,0.080218,0.0,0.5000000000000001,0.715401209486175,0.07721189510508161,0.000242
2025-10-17T19:54:05,stage2,5,300,0.0,0.7000000000000003,0.803204,0.081813,0.0,0.5000000000000001,0.715401209486175,0.07721189510508161,1.7e-05
2025-10-17T19:54:12,stage2,6,300,0.0,0.7500000000000003,0.640249,0.073044,0.0,0.5000000000000001,0.715401209486175,0.07721189510508161,0.000558
2025-10-17T19:54:19,stage2,7,300,0.0,0.8000000000000004,0.799074,0.081602,0.0,0.7500000000000003,0.6402487403890539,0.07304386469724054,0.0
2025-10-17T19:54:26,stage2,8,300,0.0,0.8500000000000004,0.856148,0.084466,0.0,0.7500000000000003,0.6402487403890539,0.07304386469724054,0.0
2025-10-17T19:54:32,stage2,9,300,0.0,0.9000000000000005,0.887304,0.08599,0.0,0.7500000000000003,0.6402487403890539,0.07304386469724054,8e-06
2025-10-17T19:54:39,stage2,10,300,0.0,0.9500000000000005,0.808305,0.082072,0.0,0.7500000000000003,0.6402487403890539,0.07304386469724054,0.0
2025-10-17T19:54:45,stage2,11,300,0.0,1.0000000000000004,0.824822,0.082907,0.0,0.7500000000000003,0.6402487403890539,0.07304386469724054,0.0
2025-10-17T19:54:52,stage2,12,300,0.0,1.0500000000000007,0.754146,0.079275,0.0,0.7500000000000003,0.6402487403890539,0.07304386469724054,0.000336
2025-10-17T19:54:59,stage2,13,300,0.0,1.1000000000000005,0.858917,0.084603,0.0,0.7500000000000003,0.6402487403890539,0.07304386469724054,0.0
2025-10-17T19:55:06,stage2,14,300,0.0,1.1500000000000008,0.875941,0.085437,0.0,0.7500000000000003,0.6402487403890539,0.07304386469724054,0.0
2025-10-17T19:55:12,stage2,15,300,0.0,1.2000000000000006,0.886588,0.085955,0.0,0.7500000000000003,0.6402487403890539,0.07304386469724054,0.0
2025-10-17T19:55:19,stage2,16,300,0.0,1.2500000000000009,0.871259,0.085208,0.0,0.7500000000000003,0.6402487403890539,0.07304386469724054,0.0
2025-10-17T19:55:26,stage2,17,300,0.0,1.3000000000000007,0.892309,0.086232,0.0,0.7500000000000003,0.6402487403890539,0.07304386469724054,0.0
2025-10-17T19:55:33,stage2,18,300,0.0,1.350000000000001,0.847369,0.084032,0.0,0.7500000000000003,0.6402487403890539,0.07304386469724054,0.0
2025-10-17T19:55:39,stage2,19,300,0.0,1.4000000000000008,0.854932,0.084406,0.0,0.7500000000000003,0.6402487403890539,0.07304386469724054,0.0
2025-10-17T19:55:46,stage2,20,300,0.0,1.450000000000001,0.857494,0.084533,0.0,0.7500000000000003,0.6402487403890539,0.07304386469724054,3e-06
2025-10-17T19:55:53,stage2,21,300,0.0,1.5000000000000009,0.873862,0.085336,0.0,0.7500000000000003,0.6402487403890539,0.07304386469724054,6e-06
2025-10-17T19:55:59,stage2,22,300,0.0,1.5500000000000012,0.868413,0.085069,0.0,0.7500000000000003,0.6402487403890539,0.07304386469724054,0.0
2025-10-17T19:56:06,stage2,23,300,0.0,1.600000000000001,0.873723,0.085329,0.0,0.7500000000000003,0.6402487403890539,0.07304386469724054,0.0
2025-10-17T19:56:13,stage2,24,300,0.0,1.6500000000000012,0.872128,0.085251,0.0,0.7500000000000003,0.6402487403890539,0.07304386469724054,0.0
2025-10-17T19:56:19,stage2,25,300,0.0,1.700000000000001,0.868539,0.085075,0.0,0.7500000000000003,0.6402487403890539,0.07304386469724054,0.0
2025-10-17T19:56:26,stage2,26,300,0.1,0.5000000000000001,0.67938,0.075243,0.0,0.7500000000000003,0.6402487403890539,0.07304386469724054,0.0
2025-10-17T19:56:33,stage2,27,300,0.1,0.5500000000000002,0.853517,0.084336,0.0,0.7500000000000003,0.6402487403890539,0.07304386469724054,0.0
2025-10-17T19:56:40,stage2,28,300,0.1,0.6000000000000002,0.87809,0.085542,0.0,0.7500000000000003,0.6402487403890539,0.07304386469724054,0.0
2025-10-17T19:56:46,stage2,29,300,0.1,0.6500000000000002,0.861489,0.084729,0.0,0.7500000000000003,0.6402487403890539,0.07304386469724054,0.0
2025-10-17T19:56:53,stage2,30,300,0.1,0.7000000000000003,0.867984,0.085048,0.0,0.7500000000000003,0.6402487403890539,0.07304386469724054,0.0
2025-10-17T19:57:00,stage2,31,300,0.1,0.7500000000000003,0.890485,0.086144,0.0,0.7500000000000003,0.6402487403890539,0.07304386469724054,0.0
2025-10-17T19:57:06,stage2,32,300,0.1,0.8000000000000004,0.867928,0.085045,0.0,0.7500000000000003,0.6402487403890539,0.07304386469724054,0.0
2025-10-17T19:57:13,stage2,33,300,0.1,0.8500000000000004,0.829092,0.083121,0.0,0.7500000000000003,0.6402487403890539,0.07304386469724054,0.0
2025-10-17T19:57:20,stage2,34,300,0.1,0.9000000000000005,0.854654,0.084393,0.0,0.7500000000000003,0.6402487403890539,0.07304386469724054,0.0
2025-10-17T19:57:28,stage2,35,300,0.1,0.9500000000000005,0.604345,0.070966,0.0,0.7500000000000003,0.6402487403890539,0.07304386469724054,0.0
2025-10-17T19:57:34,stage2,36,300,0.1,1.0000000000000004,0.880273,0.085648,0.1,0.9500000000000005,0.6043451529093109,0.07096625682377217,0.0
2025-10-17T19:57:41,stage2,37,300,0.1,1.0500000000000007,0.852572,0.08429,0.1,0.9500000000000005,0.6043451529093109,0.07096625682377217,0.0
2025-10-17T19:57:47,stage2,38,300,0.1,1.1000000000000005,0.833973,0.083365,0.1,0.9500000000000005,0.6043451529093109,0.07096625682377217,0.0
2025-10-17T19:57:54,stage2,39,300,0.1,1.1500000000000008,0.868295,0.085063,0.1,0.9500000000000005,0.6043451529093109,0.07096625682377217,0.0
2025-10-17T19:58:01,stage2,40,300,0.1,1.2000000000000006,0.834418,0.083388,0.1,0.9500000000000005,0.6043451529093109,0.07096625682377217,0.0
2025-10-17T19:58:07,stage2,41,300,0.1,1.2500000000000009,0.88612,0.085932,0.1,0.9500000000000005,0.6043451529093109,0.07096625682377217,0.0
2025-10-17T19:58:14,stage2,42,300,0.1,1.3000000000000007,0.814194,0.082371,0.1,0.9500000000000005,0.6043451529093109,0.07096625682377217,0.0
2025-10-17T19:58:21,stage2,43,300,0.1,1.350000000000001,0.845266,0.083928,0.1,0.9500000000000005,0.6043451529093109,0.07096625682377217,0.0
2025-10-17T19:58:27,stage2,44,300,0.1,1.4000000000000008,0.863292,0.084818,0.1,0.9500000000000005,0.6043451529093109,0.07096625682377217,0.0
2025-10-17T19:58:34,stage2,45,300,0.1,1.450000000000001,0.850895,0.084207,0.1,0.9500000000000005,0.6043451529093109,0.07096625682377217,0.0
2025-10-17T19:58:41,stage2,46,300,0.1,1.5000000000000009,0.844584,0.083894,0.1,0.9500000000000005,0.6043451529093109,0.07096625682377217,0.0
2025-10-17T19:58:47,stage2,47,300,0.1,1.5500000000000012,0.843333,0.083832,0.1,0.9500000000000005,0.6043451529093109,0.07096625682377217,0.0
2025-10-17T19:58:54,stage2,48,300,0.1,1.600000000000001,0.814284,0.082375,0.1,0.9500000000000005,0.6043451529093109,0.07096625682377217,0.0
2025-10-17T19:59:01,stage2,49,300,0.1,1.6500000000000012,0.821069,0.082718,0.1,0.9500000000000005,0.6043451529093109,0.07096625682377217,0.0
2025-10-17T19:59:07,stage2,50,300,0.1,1.700000000000001,0.84097,0.083714,0.1,0.9500000000000005,0.6043451529093109,0.07096625682377217,0.0
2025-10-17T19:59:14,stage2,51,300,0.2,0.5000000000000001,0.925128,0.087803,0.1,0.9500000000000005,0.6043451529093109,0.07096625682377217,0.0
2025-10-17T19:59:21,stage2,52,300,0.2,0.5500000000000002,0.937109,0.08837,0.1,0.9500000000000005,0.6043451529093109,0.07096625682377217,0.0
2025-10-17T19:59:27,stage2,53,300,0.2,0.6000000000000002,0.930037,0.088036,0.1,0.9500000000000005,0.6043451529093109,0.07096625682377217,0.0
2025-10-17T19:59:34,stage2,54,300,0.2,0.6500000000000002,0.602128,0.070836,0.1,0.9500000000000005,0.6043451529093109,0.07096625682377217,0.0
2025-10-17T19:59:41,stage2,55,300,0.2,0.7000000000000003,0.906877,0.086933,0.2,0.6500000000000002,0.6021277429163416,0.07083594561357612,0.0
2025-10-17T19:59:47,stage2,56,300,0.2,0.7500000000000003,0.896994,0.086458,0.2,0.6500000000000002,0.6021277429163416,0.07083594561357612,0.0
2025-10-17T19:59:54,stage2,57,300,0.2,0.8000000000000004,0.734051,0.078212,0.2,0.6500000000000002,0.6021277429163416,0.07083594561357612,0.0
2025-10-17T20:00:01,stage2,58,300,0.2,0.8500000000000004,0.907712,0.086973,0.2,0.6500000000000002,0.6021277429163416,0.07083594561357612,0.0
2025-10-17T20:00:07,stage2,59,300,0.2,0.9000000000000005,0.881944,0.085729,0.2,0.6500000000000002,0.6021277429163416,0.07083594561357612,0.0
2025-10-17T20:00:14,stage2,60,300,0.2,0.9500000000000005,0.862338,0.084771,0.2,0.6500000000000002,0.6021277429163416,0.07083594561357612,0.0
2025-10-17T20:00:21,stage2,61,300,0.2,1.0000000000000004,0.858427,0.084579,0.2,0.6500000000000002,0.6021277429163416,0.07083594561357612,0.0
2025-10-17T20:00:27,stage2,62,300,0.2,1.0500000000000007,0.808024,0.082058,0.2,0.6500000000000002,0.6021277429163416,0.07083594561357612,0.0
2025-10-17T20:00:34,stage2,63,300,0.2,1.1000000000000005,0.839786,0.083655,0.2,0.6500000000000002,0.6021277429163416,0.07083594561357612,0.0
2025-10-17T20:00:41,stage2,64,300,0.2,1.1500000000000008,0.835007,0.083417,0.2,0.6500000000000002,0.6021277429163416,0.07083594561357612,0.0
2025-10-17T20:00:48,stage2,65,300,0.2,1.2000000000000006,0.846876,0.084008,0.2,0.6500000000000002,0.6021277429163416,0.07083594561357612,0.0
2025-10-17T20:00:54,stage2,66,300,0.2,1.2500000000000009,0.838018,0.083567,0.2,0.6500000000000002,0.6021277429163416,0.07083594561357612,0.0
2025-10-17T20:01:01,stage2,67,300,0.2,1.3000000000000007,0.829073,0.08312,0.2,0.6500000000000002,0.6021277429163416,0.07083594561357612,0.0
2025-10-17T20:01:08,stage2,68,300,0.2,1.350000000000001,0.796416,0.081467,0.2,0.6500000000000002,0.6021277429163416,0.07083594561357612,0.0
2025-10-17T20:01:16,stage2,69,300,0.2,1.4000000000000008,0.6942,0.076059,0.2,0.6500000000000002,0.6021277429163416,0.07083594561357612,0.0
2025-10-17T20:01:23,stage2,70,300,0.2,1.450000000000001,0.827172,0.083025,0.2,0.6500000000000002,0.6021277429163416,0.07083594561357612,0.0
2025-10-17T20:01:29,stage2,71,300,0.2,1.5000000000000009,0.799424,0.08162,0.2,0.6500000000000002,0.6021277429163416,0.07083594561357612,0.0
2025-10-17T20:01:36,stage2,72,300,0.2,1.5500000000000012,0.794983,0.081393,0.2,0.6500000000000002,0.6021277429163416,0.07083594561357612,0.0
2025-10-17T20:01:42,stage2,73,300,0.2,1.600000000000001,0.806434,0.081977,0.2,0.6500000000000002,0.6021277429163416,0.07083594561357612,0.0
2025-10-17T20:01:49,stage2,74,300,0.2,1.6500000000000012,0.819253,0.082626,0.2,0.6500000000000002,0.6021277429163416,0.07083594561357612,0.0
2025-10-17T20:01:56,stage2,75,300,0.2,1.700000000000001,0.870481,0.08517,0.2,0.6500000000000002,0.6021277429163416,0.07083594561357612,0.0
2025-10-17T20:02:03,stage2,76,300,0.30000000000000004,0.5000000000000001,0.951726,0.089056,0.2,0.6500000000000002,0.6021277429163416,0.07083594561357612,0.0
2025-10-17T20:02:10,stage2,77,300,0.30000000000000004,0.5500000000000002,0.587061,0.069944,0.2,0.6500000000000002,0.6021277429163416,0.07083594561357612,0.0
2025-10-17T20:02:16,stage2,78,300,0.30000000000000004,0.6000000000000002,0.949225,0.088939,0.30000000000000004,0.5500000000000002,0.5870606210337916,0.06994406223510516,0.0
2025-10-17T20:02:23,stage2,79,300,0.30000000000000004,0.6500000000000002,0.893147,0.086272,0.30000000000000004,0.5500000000000002,0.5870606210337916,0.06994406223510516,0.0
2025-10-17T20:02:30,stage2,80,300,0.30000000000000004,0.7000000000000003,0.688514,0.075747,0.30000000000000004,0.5500000000000002,0.5870606210337916,0.06994406223510516,0.0
2025-10-17T20:02:36,stage2,81,300,0.30000000000000004,0.7500000000000003,0.918076,0.087468,0.30000000000000004,0.5500000000000002,0.5870606210337916,0.06994406223510516,0.0
2025-10-17T20:02:43,stage2,82,300,0.30000000000000004,0.8000000000000004,0.879633,0.085617,0.30000000000000004,0.5500000000000002,0.5870606210337916,0.06994406223510516,0.0
2025-10-17T20:02:50,stage2,83,300,0.30000000000000004,0.8500000000000004,0.876466,0.085463,0.30000000000000004,0.5500000000000002,0.5870606210337916,0.06994406223510516,0.0
2025-10-17T20:02:56,stage2,84,300,0.30000000000000004,0.9000000000000005,0.83733,0.083533,0.30000000000000004,0.5500000000000002,0.5870606210337916,0.06994406223510516,0.0
2025-10-17T20:03:03,stage2,85,300,0.30000000000000004,0.9500000000000005,0.873901,0.085338,0.30000000000000004,0.5500000000000002,0.5870606210337916,0.06994406223510516,0.0
2025-10-17T20:03:09,stage2,86,300,0.30000000000000004,1.0000000000000004,0.829869,0.08316,0.30000000000000004,0.5500000000000002,0.5870606210337916,0.06994406223510516,0.0
2025-10-17T20:03:16,stage2,87,300,0.30000000000000004,1.0500000000000007,0.81991,0.082659,0.30000000000000004,0.5500000000000002,0.5870606210337916,0.06994406223510516,0.0
2025-10-17T20:03:22,stage2,88,300,0.30000000000000004,1.1000000000000005,0.828699,0.083101,0.30000000000000004,0.5500000000000002,0.5870606210337916,0.06994406223510516,0.0
2025-10-17T20:03:29,stage2,89,300,0.30000000000000004,1.1500000000000008,0.821045,0.082717,0.30000000000000004,0.5500000000000002,0.5870606210337916,0.06994406223510516,0.0
2025-10-17T20:03:36,stage2,90,300,0.30000000000000004,1.2000000000000006,0.808537,0.082084,0.30000000000000004,0.5500000000000002,0.5870606210337916,0.06994406223510516,0.0
2025-10-17T20:03:42,stage2,91,300,0.30000000000000004,1.2500000000000009,0.796899,0.081491,0.30000000000000004,0.5500000000000002,0.5870606210337916,0.06994406223510516,0.0
2025-10-17T20:03:49,stage2,92,300,0.30000000000000004,1.3000000000000007,0.822015,0.082766,0.30000000000000004,0.5500000000000002,0.5870606210337916,0.06994406223510516,0.0
2025-10-17T20:03:56,stage2,93,300,0.30000000000000004,1.350000000000001,0.851508,0.084237,0.30000000000000004,0.5500000000000002,0.5870606210337916,0.06994406223510516,0.0
2025-10-17T20:04:02,stage2,94,300,0.30000000000000004,1.4000000000000008,0.80504,0.081906,0.30000000000000004,0.5500000000000002,0.5870606210337916,0.06994406223510516,0.0
2025-10-17T20:04:09,stage2,95,300,0.30000000000000004,1.450000000000001,0.806307,0.081971,0.30000000000000004,0.5500000000000002,0.5870606210337916,0.06994406223510516,0.0
2025-10-17T20:04:16,stage2,96,300,0.30000000000000004,1.5000000000000009,0.814067,0.082364,0.30000000000000004,0.5500000000000002,0.5870606210337916,0.06994406223510516,0.0
2025-10-17T20:04:22,stage2,97,300,0.30000000000000004,1.5500000000000012,0.799778,0.081638,0.30000000000000004,0.5500000000000002,0.5870606210337916,0.06994406223510516,0.0
2025-10-17T20:04:29,stage2,98,300,0.30000000000000004,1.600000000000001,0.841665,0.083749,0.30000000000000004,0.5500000000000002,0.5870606210337916,0.06994406223510516,0.0
2025-10-17T20:04:35,stage2,99,300,0.30000000000000004,1.6500000000000012,0.796094,0.08145,0.30000000000000004,0.5500000000000002,0.5870606210337916,0.06994406223510516,0.0
2025-10-17T20:04:42,stage2,100,300,0.30000000000000004,1.700000000000001,0.798758,0.081586,0.30000000000000004,0.5500000000000002,0.5870606210337916,0.06994406223510516,0.0
2025-10-17T20:04:49,stage2,101,300,0.4,0.5000000000000001,0.648392,0.073507,0.30000000000000004,0.5500000000000002,0.5870606210337916,0.06994406223510516,0.0
2025-10-17T20:04:55,stage2,102,300,0.4,0.5500000000000002,0.969694,0.089893,0.30000000000000004,0.5500000000000002,0.5870606210337916,0.06994406223510516,0.0
2025-10-17T20:05:02,stage2,103,300,0.4,0.6000000000000002,0.756078,0.079377,0.30000000000000004,0.5500000000000002,0.5870606210337916,0.06994406223510516,0.0
2025-10-17T20:05:09,stage2,104,300,0.4,0.6500000000000002,0.917678,0.087449,0.30000000000000004,0.5500000000000002,0.5870606210337916,0.06994406223510516,0.0
2025-10-17T20:05:15,stage2,105,300,0.4,0.7000000000000003,0.879358,0.085604,0.30000000000000004,0.5500000000000002,0.5870606210337916,0.06994406223510516,0.0
2025-10-17T20:05:22,stage2,106,300,0.4,0.7500000000000003,0.744178,0.078749,0.30000000000000004,0.5500000000000002,0.5870606210337916,0.06994406223510516,0.0
2025-10-17T20:05:28,stage2,107,300,0.4,0.8000000000000004,0.859824,0.084648,0.30000000000000004,0.5500000000000002,0.5870606210337916,0.06994406223510516,0.0
2025-10-17T20:05:35,stage2,108,300,0.4,0.8500000000000004,0.861914,0.08475,0.30000000000000004,0.5500000000000002,0.5870606210337916,0.06994406223510516,0.0
2025-10-17T20:05:41,stage2,109,300,0.4,0.9000000000000005,0.854113,0.084366,0.30000000000000004,0.5500000000000002,0.5870606210337916,0.06994406223510516,0.0
2025-10-17T20:05:48,stage2,110,300,0.4,0.9500000000000005,0.843454,0.083838,0.30000000000000004,0.5500000000000002,0.5870606210337916,0.06994406223510516,0.0
2025-10-17T20:05:55,stage2,111,300,0.4,1.0000000000000004,0.859291,0.084621,0.30000000000000004,0.5500000000000002,0.5870606210337916,0.06994406223510516,0.0
2025-10-17T20:06:01,stage2,112,300,0.4,1.0500000000000007,0.65907,0.07411,0.30000000000000004,0.5500000000000002,0.5870606210337916,0.06994406223510516,0.0
2025-10-17T20:06:08,stage2,113,300,0.4,1.1000000000000005,0.832064,0.08327,0.30000000000000004,0.5500000000000002,0.5870606210337916,0.06994406223510516,0.0
2025-10-17T20:06:14,stage2,114,300,0.4,1.1500000000000008,0.810478,0.082183,0.30000000000000004,0.5500000000000002,0.5870606210337916,0.06994406223510516,0.0
2025-10-17T20:06:21,stage2,115,300,0.4,1.2000000000000006,0.674476,0.074971,0.30000000000000004,0.5500000000000002,0.5870606210337916,0.06994406223510516,0.0
2025-10-17T20:06:28,stage2,116,300,0.4,1.2500000000000009,0.826536,0.082993,0.30000000000000004,0.5500000000000002,0.5870606210337916,0.06994406223510516,0.0
2025-10-17T20:06:34,stage2,117,300,0.4,1.3000000000000007,0.817603,0.082543,0.30000000000000004,0.5500000000000002,0.5870606210337916,0.06994406223510516,0.0
2025-10-17T20:06:41,stage2,118,300,0.4,1.350000000000001,0.804848,0.081897,0.30000000000000004,0.5500000000000002,0.5870606210337916,0.06994406223510516,0.0
2025-10-17T20:06:48,stage2,119,300,0.4,1.4000000000000008,0.840572,0.083694,0.30000000000000004,0.5500000000000002,0.5870606210337916,0.06994406223510516,0.0
2025-10-17T20:06:54,stage2,120,300,0.4,1.450000000000001,0.83405,0.083369,0.30000000000000004,0.5500000000000002,0.5870606210337916,0.06994406223510516,0.0
2025-10-17T20:07:01,stage2,121,300,0.4,1.5000000000000009,0.722631,0.077601,0.30000000000000004,0.5500000000000002,0.5870606210337916,0.06994406223510516,0.0
2025-10-17T20:07:07,stage2,122,300,0.4,1.5500000000000012,0.80799,0.082056,0.30000000000000004,0.5500000000000002,0.5870606210337916,0.06994406223510516,0.0
2025-10-17T20:07:14,stage2,123,300,0.4,1.600000000000001,0.870328,0.085163,0.30000000000000004,0.5500000000000002,0.5870606210337916,0.06994406223510516,0.0
2025-10-17T20:07:21,stage2,124,300,0.4,1.6500000000000012,0.827993,0.083066,0.30000000000000004,0.5500000000000002,0.5870606210337916,0.06994406223510516,0.0
2025-10-17T20:07:27,stage2,125,300,0.4,1.700000000000001,0.80489,0.081899,0.30000000000000004,0.5500000000000002,0.5870606210337916,0.06994406223510516,0.0
2025-10-17T20:07:34,stage2,126,300,0.5,0.5000000000000001,0.939741,0.088494,0.30000000000000004,0.5500000000000002,0.5870606210337916,0.06994406223510516,0.0
2025-10-17T20:07:40,stage2,127,300,0.5,0.5500000000000002,0.987425,0.090711,0.30000000000000004,0.5500000000000002,0.5870606210337916,0.06994406223510516,0.0
2025-10-17T20:07:47,stage2,128,300,0.5,0.6000000000000002,0.972985,0.090046,0.30000000000000004,0.5500000000000002,0.5870606210337916,0.06994406223510516,0.0
2025-10-17T20:07:54,stage2,129,300,0.5,0.6500000000000002,0.960998,0.089489,0.30000000000000004,0.5500000000000002,0.5870606210337916,0.06994406223510516,0.0
2025-10-17T20:08:00,stage2,130,300,0.5,0.7000000000000003,0.938859,0.088452,0.30000000000000004,0.5500000000000002,0.5870606210337916,0.06994406223510516,0.0
2025-10-17T20:08:07,stage2,131,300,0.5,0.7500000000000003,0.897932,0.086503,0.30000000000000004,0.5500000000000002,0.5870606210337916,0.06994406223510516,0.0
2025-10-17T20:08:13,stage2,132,300,0.5,0.8000000000000004,0.887778,0.086013,0.30000000000000004,0.5500000000000002,0.5870606210337916,0.06994406223510516,0.0
2025-10-17T20:08:20,stage2,133,300,0.5,0.8500000000000004,0.892395,0.086236,0.30000000000000004,0.5500000000000002,0.5870606210337916,0.06994406223510516,0.0
2025-10-17T20:08:26,stage2,134,300,0.5,0.9000000000000005,0.869017,0.085099,0.30000000000000004,0.5500000000000002,0.5870606210337916,0.06994406223510516,0.0
2025-10-17T20:08:33,stage2,135,300,0.5,0.9500000000000005,0.876117,0.085446,0.30000000000000004,0.5500000000000002,0.5870606210337916,0.06994406223510516,0.0
2025-10-17T20:08:39,stage2,136,300,0.5,1.0000000000000004,0.864061,0.084856,0.30000000000000004,0.5500000000000002,0.5870606210337916,0.06994406223510516,0.0
2025-10-17T20:08:46,stage2,137,300,0.5,1.0500000000000007,0.858534,0.084584,0.30000000000000004,0.5500000000000002,0.5870606210337916,0.06994406223510516,0.0
2025-10-17T20:08:52,stage2,138,300,0.5,1.1000000000000005,0.82748,0.08304,0.30000000000000004,0.5500000000000002,0.5870606210337916,0.06994406223510516,0.0
2025-10-17T20:08:59,stage2,139,300,0.5,1.1500000000000008,0.841541,0.083743,0.30000000000000004,0.5500000000000002,0.5870606210337916,0.06994406223510516,0.0
2025-10-17T20:09:05,stage2,140,300,0.5,1.2000000000000006,0.89046,0.086142,0.30000000000000004,0.5500000000000002,0.5870606210337916,0.06994406223510516,0.0
2025-10-17T20:09:12,stage2,141,300,0.5,1.2500000000000009,0.851459,0.084235,0.30000000000000004,0.5500000000000002,0.5870606210337916,0.06994406223510516,0.0
2025-10-17T20:09:18,stage2,142,300,0.5,1.3000000000000007,0.824728,0.082902,0.30000000000000004,0.5500000000000002,0.5870606210337916,0.06994406223510516,0.0
2025-10-17T20:09:25,stage2,143,300,0.5,1.350000000000001,0.822261,0.082778,0.30000000000000004,0.5500000000000002,0.5870606210337916,0.06994406223510516,0.0
2025-10-17T20:09:32,stage2,144,300,0.5,1.4000000000000008,0.836162,0.083475,0.30000000000000004,0.5500000000000002,0.5870606210337916,0.06994406223510516,0.0
2025-10-17T20:09:38,stage2,145,300,0.5,1.450000000000001,0.882781,0.08577,0.30000000000000004,0.5500000000000002,0.5870606210337916,0.06994406223510516,0.0
2025-10-17T20:09:45,stage2,146,300,0.5,1.5000000000000009,0.790304,0.081153,0.30000000000000004,0.5500000000000002,0.5870606210337916,0.06994406223510516,6e-06
2025-10-17T20:09:51,stage2,147,300,0.5,1.5500000000000012,0.869268,0.085111,0.30000000000000004,0.5500000000000002,0.5870606210337916,0.06994406223510516,0.0
2025-10-17T20:09:58,stage2,148,300,0.5,1.600000000000001,0.787914,0.081031,0.30000000000000004,0.5500000000000002,0.5870606210337916,0.06994406223510516,0.0
2025-10-17T20:10:05,stage2,149,300,0.5,1.6500000000000012,0.821586,0.082744,0.30000000000000004,0.5500000000000002,0.5870606210337916,0.06994406223510516,0.0
2025-10-17T20:10:12,stage2,150,300,0.5,1.700000000000001,0.738575,0.078452,0.30000000000000004,0.5500000000000002,0.5870606210337916,0.06994406223510516,0.0
2025-10-17T20:10:19,stage2,151,300,0.6000000000000001,0.5000000000000001,0.930626,0.088064,0.30000000000000004,0.5500000000000002,0.5870606210337916,0.06994406223510516,0.0
2025-10-17T20:10:25,stage2,152,300,0.6000000000000001,0.5500000000000002,0.931713,0.088115,0.30000000000000004,0.5500000000000002,0.5870606210337916,0.06994406223510516,0.0
2025-10-17T20:10:32,stage2,153,300,0.6000000000000001,0.6000000000000002,1.006866,0.0916,0.30000000000000004,0.5500000000000002,0.5870606210337916,0.06994406223510516,0.0
2025-10-17T20:10:39,stage2,154,300,0.6000000000000001,0.6500000000000002,0.953811,0.089154,0.30000000000000004,0.5500000000000002,0.5870606210337916,0.06994406223510516,0.0
2025-10-17T20:10:45,stage2,155,300,0.6000000000000001,0.7000000000000003,0.944488,0.088717,0.30000000000000004,0.5500000000000002,0.5870606210337916,0.06994406223510516,0.0
2025-10-17T20:10:52,stage2,156,300,0.6000000000000001,0.7500000000000003,0.969405,0.08988,0.30000000000000004,0.5500000000000002,0.5870606210337916,0.06994406223510516,0.0
2025-10-17T20:10:58,stage2,157,300,0.6000000000000001,0.8000000000000004,0.941687,0.088586,0.30000000000000004,0.5500000000000002,0.5870606210337916,0.06994406223510516,0.0
2025-10-17T20:11:05,stage2,158,300,0.6000000000000001,0.8500000000000004,0.939937,0.088503,0.30000000000000004,0.5500000000000002,0.5870606210337916,0.06994406223510516,0.0
2025-10-17T20:11:11,stage2,159,300,0.6000000000000001,0.9000000000000005,0.896429,0.086431,0.30000000000000004,0.5500000000000002,0.5870606210337916,0.06994406223510516,0.0
2025-10-17T20:11:18,stage2,160,300,0.6000000000000001,0.9500000000000005,0.883283,0.085794,0.30000000000000004,0.5500000000000002,0.5870606210337916,0.06994406223510516,0.0
2025-10-17T20:11:24,stage2,161,300,0.6000000000000001,1.0000000000000004,0.900638,0.086633,0.30000000000000004,0.5500000000000002,0.5870606210337916,0.06994406223510516,0.0
2025-10-17T20:11:31,stage2,162,300,0.6000000000000001,1.0500000000000007,0.889246,0.086084,0.30000000000000004,0.5500000000000002,0.5870606210337916,0.06994406223510516,0.0
2025-10-17T20:11:37,stage2,163,300,0.6000000000000001,1.1000000000000005,0.862578,0.084783,0.30000000000000004,0.5500000000000002,0.5870606210337916,0.06994406223510516,0.0
2025-10-17T20:11:44,stage2,164,300,0.6000000000000001,1.1500000000000008,0.90304,0.086749,0.30000000000000004,0.5500000000000002,0.5870606210337916,0.06994406223510516,0.0
2025-10-17T20:11:50,stage2,165,300,0.6000000000000001,1.2000000000000006,0.908692,0.08702,0.30000000000000004,0.5500000000000002,0.5870606210337916,0.06994406223510516,0.0
2025-10-17T20:11:57,stage2,166,300,0.6000000000000001,1.2500000000000009,0.922598,0.087683,0.30000000000000004,0.5500000000000002,0.5870606210337916,0.06994406223510516,0.0
2025-10-17T20:12:03,stage2,167,300,0.6000000000000001,1.3000000000000007,0.971189,0.089962,0.30000000000000004,0.5500000000000002,0.5870606210337916,0.06994406223510516,0.0
2025-10-17T20:12:10,stage2,168,300,0.6000000000000001,1.350000000000001,0.935289,0.088284,0.30000000000000004,0.5500000000000002,0.5870606210337916,0.06994406223510516,0.0
2025-10-17T20:12:17,stage2,169,300,0.6000000000000001,1.4000000000000008,0.909986,0.087082,0.30000000000000004,0.5500000000000002,0.5870606210337916,0.06994406223510516,0.0
2025-10-17T20:12:23,stage2,170,300,0.6000000000000001,1.450000000000001,0.974654,0.090123,0.30000000000000004,0.5500000000000002,0.5870606210337916,0.06994406223510516,0.0
2025-10-17T20:12:30,stage2,171,300,0.6000000000000001,1.5000000000000009,0.901094,0.086655,0.30000000000000004,0.5500000000000002,0.5870606210337916,0.06994406223510516,0.0
2025-10-17T20:12:36,stage2,172,300,0.6000000000000001,1.5500000000000012,0.886144,0.085933,0.30000000000000004,0.5500000000000002,0.5870606210337916,0.06994406223510516,0.0
2025-10-17T20:12:43,stage2,173,300,0.6000000000000001,1.600000000000001,0.869698,0.085132,0.30000000000000004,0.5500000000000002,0.5870606210337916,0.06994406223510516,0.0
2025-10-17T20:12:49,stage2,174,300,0.6000000000000001,1.6500000000000012,0.892007,0.086217,0.30000000000000004,0.5500000000000002,0.5870606210337916,0.06994406223510516,0.0
2025-10-17T20:12:56,stage2,175,300,0.6000000000000001,1.700000000000001,0.898771,0.086543,0.30000000000000004,0.5500000000000002,0.5870606210337916,0.06994406223510516,0.0
2025-10-17T20:13:03,stage2,176,300,0.7000000000000001,0.5000000000000001,0.997466,0.091171,0.30000000000000004,0.5500000000000002,0.5870606210337916,0.06994406223510516,0.0
2025-10-17T20:13:09,stage2,177,300,0.7000000000000001,0.5500000000000002,1.003654,0.091454,0.30000000000000004,0.5500000000000002,0.5870606210337916,0.06994406223510516,0.0
2025-10-17T20:13:16,stage2,178,300,0.7000000000000001,0.6000000000000002,1.010545,0.091767,0.30000000000000004,0.5500000000000002,0.5870606210337916,0.06994406223510516,0.0
2025-10-17T20:13:22,stage2,179,300,0.7000000000000001,0.6500000000000002,0.99537,0.091076,0.30000000000000004,0.5500000000000002,0.5870606210337916,0.06994406223510516,0.0
2025-10-17T20:13:29,stage2,180,300,0.7000000000000001,0.7000000000000003,0.994702,0.091045,0.30000000000000004,0.5500000000000002,0.5870606210337916,0.06994406223510516,0.0
2025-10-17T20:13:36,stage2,181,300,0.7000000000000001,0.7500000000000003,0.97153,0.089978,0.30000000000000004,0.5500000000000002,0.5870606210337916,0.06994406223510516,0.0
2025-10-17T20:13:42,stage2,182,300,0.7000000000000001,0.8000000000000004,0.97534,0.090154,0.30000000000000004,0.5500000000000002,0.5870606210337916,0.06994406223510516,0.0
2025-10-17T20:13:49,stage2,183,300,0.7000000000000001,0.8500000000000004,0.961172,0.089497,0.30000000000000004,0.5500000000000002,0.5870606210337916,0.06994406223510516,0.0
2025-10-17T20:13:55,stage2,184,300,0.7000000000000001,0.9000000000000005,0.971076,0.089957,0.30000000000000004,0.5500000000000002,0.5870606210337916,0.06994406223510516,0.0
2025-10-17T20:14:02,stage2,185,300,0.7000000000000001,0.9500000000000005,0.895457,0.086384,0.30000000000000004,0.5500000000000002,0.5870606210337916,0.06994406223510516,0.0
2025-10-17T20:14:08,stage2,186,300,0.7000000000000001,1.0000000000000004,0.938519,0.088436,0.30000000000000004,0.5500000000000002,0.5870606210337916,0.06994406223510516,0.0
2025-10-17T20:14:15,stage2,187,300,0.7000000000000001,1.0500000000000007,0.967492,0.089791,0.30000000000000004,0.5500000000000002,0.5870606210337916,0.06994406223510516,0.0
2025-10-17T20:14:21,stage2,188,300,0.7000000000000001,1.1000000000000005,0.882932,0.085777,0.30000000000000004,0.5500000000000002,0.5870606210337916,0.06994406223510516,0.0
2025-10-17T20:14:28,stage2,189,300,0.7000000000000001,1.1500000000000008,0.931496,0.088105,0.30000000000000004,0.5500000000000002,0.5870606210337916,0.06994406223510516,0.0
2025-10-17T20:14:35,stage2,190,300,0.7000000000000001,1.2000000000000006,0.715159,0.077199,0.30000000000000004,0.5500000000000002,0.5870606210337916,0.06994406223510516,1.1e-05
2025-10-17T20:14:41,stage2,191,300,0.7000000000000001,1.2500000000000009,0.904121,0.086801,0.30000000000000004,0.5500000000000002,0.5870606210337916,0.06994406223510516,0.0
2025-10-17T20:14:48,stage2,192,300,0.7000000000000001,1.3000000000000007,0.952752,0.089104,0.30000000000000004,0.5500000000000002,0.5870606210337916,0.06994406223510516,0.0
2025-10-17T20:14:54,stage2,193,300,0.7000000000000001,1.350000000000001,0.998177,0.091204,0.30000000000000004,0.5500000000000002,0.5870606210337916,0.06994406223510516,0.0
2025-10-17T20:15:02,stage2,194,300,0.7000000000000001,1.4000000000000008,0.708553,0.076841,0.30000000000000004,0.5500000000000002,0.5870606210337916,0.06994406223510516,0.0
2025-10-17T20:15:10,stage2,195,300,0.7000000000000001,1.450000000000001,0.716896,0.077292,0.30000000000000004,0.5500000000000002,0.5870606210337916,0.06994406223510516,0.0
2025-10-17T20:15:17,stage2,196,300,0.7000000000000001,1.5000000000000009,0.960588,0.08947,0.30000000000000004,0.5500000000000002,0.5870606210337916,0.06994406223510516,0.0
2025-10-17T20:15:24,stage2,197,300,0.7000000000000001,1.5500000000000012,0.991414,0.090894,0.30000000000000004,0.5500000000000002,0.5870606210337916,0.06994406223510516,0.0
2025-10-17T20:15:30,stage2,198,300,0.7000000000000001,1.600000000000001,0.931882,0.088123,0.30000000000000004,0.5500000000000002,0.5870606210337916,0.06994406223510516,0.0
2025-10-17T20:15:37,stage2,199,300,0.7000000000000001,1.6500000000000012,0.915587,0.087349,0.30000000000000004,0.5500000000000002,0.5870606210337916,0.06994406223510516,0.0
2025-10-17T20:15:43,stage2,200,300,0.7000000000000001,1.700000000000001,0.884378,0.085848,0.30000000000000004,0.5500000000000002,0.5870606210337916,0.06994406223510516,0.0
2025-10-17T20:15:50,stage2,201,300,0.8,0.5000000000000001,1.074873,0.094643,0.30000000000000004,0.5500000000000002,0.5870606210337916,0.06994406223510516,0.0
2025-10-17T20:15:57,stage2,202,300,0.8,0.5500000000000002,0.7554,0.079341,0.30000000000000004,0.5500000000000002,0.5870606210337916,0.06994406223510516,0.0
2025-10-17T20:16:03,stage2,203,300,0.8,0.6000000000000002,1.04154,0.093164,0.30000000000000004,0.5500000000000002,0.5870606210337916,0.06994406223510516,0.0
2025-10-17T20:16:10,stage2,204,300,0.8,0.6500000000000002,1.04734,0.093423,0.30000000000000004,0.5500000000000002,0.5870606210337916,0.06994406223510516,0.0
2025-10-17T20:16:18,stage2,205,300,0.8,0.7000000000000003,0.645214,0.073327,0.30000000000000004,0.5500000000000002,0.5870606210337916,0.06994406223510516,0.0
2025-10-17T20:16:25,stage2,206,300,0.8,0.7500000000000003,1.018515,0.092128,0.30000000000000004,0.5500000000000002,0.5870606210337916,0.06994406223510516,0.0
2025-10-17T20:16:31,stage2,207,300,0.8,0.8000000000000004,1.035405,0.092889,0.30000000000000004,0.5500000000000002,0.5870606210337916,0.06994406223510516,0.0
2025-10-17T20:16:38,stage2,208,300,0.8,0.8500000000000004,1.005174,0.091523,0.30000000000000004,0.5500000000000002,0.5870606210337916,0.06994406223510516,0.0
2025-10-17T20:16:45,stage2,209,300,0.8,0.9000000000000005,1.007515,0.091629,0.30000000000000004,0.5500000000000002,0.5870606210337916,0.06994406223510516,0.0
2025-10-17T20:16:51,stage2,210,300,0.8,0.9500000000000005,1.028721,0.092589,0.30000000000000004,0.5500000000000002,0.5870606210337916,0.06994406223510516,0.0
2025-10-17T20:16:58,stage2,211,300,0.8,1.0000000000000004,0.965897,0.089717,0.30000000000000004,0.5500000000000002,0.5870606210337916,0.06994406223510516,0.0
2025-10-17T20:17:05,stage2,212,300,0.8,1.0500000000000007,0.975916,0.090181,0.30000000000000004,0.5500000000000002,0.5870606210337916,0.06994406223510516,0.0
2025-10-17T20:17:11,stage2,213,300,0.8,1.1000000000000005,0.97915,0.09033,0.30000000000000004,0.5500000000000002,0.5870606210337916,0.06994406223510516,0.0
2025-10-17T20:17:18,stage2,214,300,0.8,1.1500000000000008,0.972409,0.090019,0.30000000000000004,0.5500000000000002,0.5870606210337916,0.06994406223510516,0.0
2025-10-17T20:17:24,stage2,215,300,0.8,1.2000000000000006,0.946104,0.088793,0.30000000000000004,0.5500000000000002,0.5870606210337916,0.06994406223510516,0.0
2025-10-17T20:17:31,stage2,216,300,0.8,1.2500000000000009,0.92874,0.087974,0.30000000000000004,0.5500000000000002,0.5870606210337916,0.06994406223510516,0.0
2025-10-17T20:17:39,stage2,217,300,0.8,1.3000000000000007,0.698915,0.076317,0.30000000000000004,0.5500000000000002,0.5870606210337916,0.06994406223510516,0.0
2025-10-17T20:17:46,stage2,218,300,0.8,1.350000000000001,0.940202,0.088516,0.30000000000000004,0.5500000000000002,0.5870606210337916,0.06994406223510516,0.0
2025-10-17T20:17:52,stage2,219,300,0.8,1.4000000000000008,0.973656,0.090077,0.30000000000000004,0.5500000000000002,0.5870606210337916,0.06994406223510516,0.0
2025-10-17T20:17:59,stage2,220,300,0.8,1.450000000000001,0.995633,0.091088,0.30000000000000004,0.5500000000000002,0.5870606210337916,0.06994406223510516,0.0
2025-10-17T20:18:07,stage2,221,300,0.8,1.5000000000000009,0.719133,0.077413,0.30000000000000004,0.5500000000000002,0.5870606210337916,0.06994406223510516,0.0
2025-10-17T20:18:13,stage2,222,300,0.8,1.5500000000000012,0.955512,0.089233,0.30000000000000004,0.5500000000000002,0.5870606210337916,0.06994406223510516,0.0
2025-10-17T20:18:20,stage2,223,300,0.8,1.600000000000001,0.972697,0.090032,0.30000000000000004,0.5500000000000002,0.5870606210337916,0.06994406223510516,0.0
2025-10-17T20:18:27,stage2,224,300,0.8,1.6500000000000012,1.065775,0.094241,0.30000000000000004,0.5500000000000002,0.5870606210337916,0.06994406223510516,0.0
2025-10-17T20:18:33,stage2,225,300,0.8,1.700000000000001,0.998252,0.091207,0.30000000000000004,0.5500000000000002,0.5870606210337916,0.06994406223510516,0.0
2025-10-17T20:18:40,stage2,226,300,0.9,0.5000000000000001,1.104656,0.095945,0.30000000000000004,0.5500000000000002,0.5870606210337916,0.06994406223510516,0.0
2025-10-17T20:18:47,stage2,227,300,0.9,0.5500000000000002,1.077845,0.094774,0.30000000000000004,0.5500000000000002,0.5870606210337916,0.06994406223510516,0.0
2025-10-17T20:18:53,stage2,228,300,0.9,0.6000000000000002,1.075384,0.094665,0.30000000000000004,0.5500000000000002,0.5870606210337916,0.06994406223510516,0.0
2025-10-17T20:19:00,stage2,229,300,0.9,0.6500000000000002,1.05506,0.093767,0.30000000000000004,0.5500000000000002,0.5870606210337916,0.06994406223510516,0.0
2025-10-17T20:19:06,stage2,230,300,0.9,0.7000000000000003,1.059142,0.093948,0.30000000000000004,0.5500000000000002,0.5870606210337916,0.06994406223510516,0.0
2025-10-17T20:19:13,stage2,231,300,0.9,0.7500000000000003,1.07736,0.094752,0.30000000000000004,0.5500000000000002,0.5870606210337916,0.06994406223510516,0.0
2025-10-17T20:19:20,stage2,232,300,0.9,0.8000000000000004,1.062433,0.094094,0.30000000000000004,0.5500000000000002,0.5870606210337916,0.06994406223510516,0.0
2025-10-17T20:19:27,stage2,233,300,0.9,0.8500000000000004,0.840188,0.083675,0.30000000000000004,0.5500000000000002,0.5870606210337916,0.06994406223510516,0.0
2025-10-17T20:19:34,stage2,234,300,0.9,0.9000000000000005,0.991612,0.090903,0.30000000000000004,0.5500000000000002,0.5870606210337916,0.06994406223510516,0.0
2025-10-17T20:19:40,stage2,235,300,0.9,0.9500000000000005,1.004012,0.09147,0.30000000000000004,0.5500000000000002,0.5870606210337916,0.06994406223510516,0.0
2025-10-17T20:19:47,stage2,236,300,0.9,1.0000000000000004,1.055637,0.093792,0.30000000000000004,0.5500000000000002,0.5870606210337916,0.06994406223510516,0.0
2025-10-17T20:19:55,stage2,237,300,0.9,1.0500000000000007,0.69056,0.07586,0.30000000000000004,0.5500000000000002,0.5870606210337916,0.06994406223510516,0.0
2025-10-17T20:20:03,stage2,238,300,0.9,1.1000000000000005,0.685265,0.075568,0.30000000000000004,0.5500000000000002,0.5870606210337916,0.06994406223510516,0.0
2025-10-17T20:20:10,stage2,239,300,0.9,1.1500000000000008,0.691593,0.075916,0.30000000000000004,0.5500000000000002,0.5870606210337916,0.06994406223510516,0.0
2025-10-17T20:20:16,stage2,240,300,0.9,1.2000000000000006,1.027319,0.092526,0.30000000000000004,0.5500000000000002,0.5870606210337916,0.06994406223510516,0.0
2025-10-17T20:20:23,stage2,241,300,0.9,1.2500000000000009,1.028309,0.09257,0.30000000000000004,0.5500000000000002,0.5870606210337916,0.06994406223510516,0.0
2025-10-17T20:20:30,stage2,242,300,0.9,1.3000000000000007,1.080887,0.094907,0.30000000000000004,0.5500000000000002,0.5870606210337916,0.06994406223510516,0.0
2025-10-17T20:20:36,stage2,243,300,0.9,1.350000000000001,1.037719,0.092993,0.30000000000000004,0.5500000000000002,0.5870606210337916,0.06994406223510516,0.0
2025-10-17T20:20:43,stage2,244,300,0.9,1.4000000000000008,1.037692,0.092992,0.30000000000000004,0.5500000000000002,0.5870606210337916,0.06994406223510516,0.0
2025-10-17T20:20:50,stage2,245,300,0.9,1.450000000000001,1.052447,0.09365,0.30000000000000004,0.5500000000000002,0.5870606210337916,0.06994406223510516,0.0
2025-10-17T20:20:56,stage2,246,300,0.9,1.5000000000000009,0.988161,0.090745,0.30000000000000004,0.5500000000000002,0.5870606210337916,0.06994406223510516,0.0
2025-10-17T20:21:03,stage2,247,300,0.9,1.5500000000000012,1.068853,0.094377,0.30000000000000004,0.5500000000000002,0.5870606210337916,0.06994406223510516,0.0
2025-10-17T20:21:10,stage2,248,300,0.9,1.600000000000001,1.109431,0.096152,0.30000000000000004,0.5500000000000002,0.5870606210337916,0.06994406223510516,0.0
2025-10-17T20:21:17,stage2,249,300,0.9,1.6500000000000012,1.060743,0.094019,0.30000000000000004,0.5500000000000002,0.5870606210337916,0.06994406223510516,0.0
2025-10-17T20:21:23,stage2,250,300,0.9,1.700000000000001,1.037102,0.092965,0.30000000000000004,0.5500000000000002,0.5870606210337916,0.06994406223510516,0.0
2025-10-17T20:21:30,stage2,251,300,1.0,0.5000000000000001,1.1192,0.096575,0.30000000000000004,0.5500000000000002,0.5870606210337916,0.06994406223510516,0.0
2025-10-17T20:21:37,stage2,252,300,1.0,0.5500000000000002,1.106045,0.096005,0.30000000000000004,0.5500000000000002,0.5870606210337916,0.06994406223510516,0.0
2025-10-17T20:21:43,stage2,253,300,1.0,0.6000000000000002,1.118835,0.096559,0.30000000000000004,0.5500000000000002,0.5870606210337916,0.06994406223510516,0.0
2025-10-17T20:21:50,stage2,254,300,1.0,0.6500000000000002,1.108185,0.096098,0.30000000000000004,0.5500000000000002,0.5870606210337916,0.06994406223510516,0.0
2025-10-17T20:21:56,stage2,255,300,1.0,0.7000000000000003,1.103627,0.0959,0.30000000000000004,0.5500000000000002,0.5870606210337916,0.06994406223510516,0.0
2025-10-17T20:22:03,stage2,256,300,1.0,0.7500000000000003,1.098783,0.09569,0.30000000000000004,0.5500000000000002,0.5870606210337916,0.06994406223510516,0.0
2025-10-17T20:22:10,stage2,257,300,1.0,0.8000000000000004,1.100938,0.095784,0.30000000000000004,0.5500000000000002,0.5870606210337916,0.06994406223510516,0.0
2025-10-17T20:22:16,stage2,258,300,1.0,0.8500000000000004,1.067297,0.094309,0.30000000000000004,0.5500000000000002,0.5870606210337916,0.06994406223510516,0.0
2025-10-17T20:22:23,stage2,259,300,1.0,0.9000000000000005,1.050315,0.093555,0.30000000000000004,0.5500000000000002,0.5870606210337916,0.06994406223510516,0.0
2025-10-17T20:22:30,stage2,260,300,1.0,0.9500000000000005,1.053406,0.093693,0.30000000000000004,0.5500000000000002,0.5870606210337916,0.06994406223510516,0.0
2025-10-17T20:22:38,stage2,261,300,1.0,1.0000000000000004,0.687544,0.075694,0.30000000000000004,0.5500000000000002,0.5870606210337916,0.06994406223510516,0.0
2025-10-17T20:22:45,stage2,262,300,1.0,1.0500000000000007,1.052994,0.093675,0.30000000000000004,0.5500000000000002,0.5870606210337916,0.06994406223510516,0.0
2025-10-17T20:22:51,stage2,263,300,1.0,1.1000000000000005,1.02752,0.092535,0.30000000000000004,0.5500000000000002,0.5870606210337916,0.06994406223510516,0.0
2025-10-17T20:22:58,stage2,264,300,1.0,1.1500000000000008,1.064799,0.094198,0.30000000000000004,0.5500000000000002,0.5870606210337916,0.06994406223510516,0.0
2025-10-17T20:23:05,stage2,265,300,1.0,1.2000000000000006,1.032231,0.092747,0.30000000000000004,0.5500000000000002,0.5870606210337916,0.06994406223510516,0.0
2025-10-17T20:23:11,stage2,266,300,1.0,1.2500000000000009,1.028051,0.092559,0.30000000000000004,0.5500000000000002,0.5870606210337916,0.06994406223510516,0.0
2025-10-17T20:23:18,stage2,267,300,1.0,1.3000000000000007,1.041706,0.093171,0.30000000000000004,0.5500000000000002,0.5870606210337916,0.06994406223510516,0.0
2025-10-17T20:23:24,stage2,268,300,1.0,1.350000000000001,1.089218,0.095272,0.30000000000000004,0.5500000000000002,0.5870606210337916,0.06994406223510516,0.0
2025-10-17T20:23:31,stage2,269,300,1.0,1.4000000000000008,1.062971,0.094117,0.30000000000000004,0.5500000000000002,0.5870606210337916,0.06994406223510516,0.0
2025-10-17T20:23:37,stage2,270,300,1.0,1.450000000000001,1.101745,0.095819,0.30000000000000004,0.5500000000000002,0.5870606210337916,0.06994406223510516,0.0
2025-10-17T20:23:44,stage2,271,300,1.0,1.5000000000000009,1.029968,0.092645,0.30000000000000004,0.5500000000000002,0.5870606210337916,0.06994406223510516,0.0
2025-10-17T20:23:52,stage2,272,300,1.0,1.5500000000000012,0.736687,0.078352,0.30000000000000004,0.5500000000000002,0.5870606210337916,0.06994406223510516,0.0
2025-10-17T20:23:58,stage2,273,300,1.0,1.600000000000001,1.034225,0.092836,0.30000000000000004,0.5500000000000002,0.5870606210337916,0.06994406223510516,0.0
2025-10-17T20:24:05,stage2,274,300,1.0,1.6500000000000012,1.017086,0.092064,0.30000000000000004,0.5500000000000002,0.5870606210337916,0.06994406223510516,0.0
2025-10-17T20:24:11,stage2,275,300,1.0,1.700000000000001,1.053585,0.093701,0.30000000000000004,0.5500000000000002,0.5870606210337916,0.06994406223510516,0.0
2025-10-17T20:24:18,stage2,276,300,1.1,0.5000000000000001,1.135476,0.097274,0.30000000000000004,0.5500000000000002,0.5870606210337916,0.06994406223510516,0.0
2025-10-17T20:24:25,stage2,277,300,1.1,0.5500000000000002,1.125408,0.096842,0.30000000000000004,0.5500000000000002,0.5870606210337916,0.06994406223510516,0.0
2025-10-17T20:24:31,stage2,278,300,1.1,0.6000000000000002,1.12021,0.096618,0.30000000000000004,0.5500000000000002,0.5870606210337916,0.06994406223510516,0.0
2025-10-17T20:24:38,stage2,279,300,1.1,0.6500000000000002,1.12044,0.096628,0.30000000000000004,0.5500000000000002,0.5870606210337916,0.06994406223510516,0.0
2025-10-17T20:24:45,stage2,280,300,1.1,0.7000000000000003,1.125586,0.09685,0.30000000000000004,0.5500000000000002,0.5870606210337916,0.06994406223510516,0.0
2025-10-17T20:24:51,stage2,281,300,1.1,0.7500000000000003,1.12422,0.096791,0.30000000000000004,0.5500000000000002,0.5870606210337916,0.06994406223510516,0.0
2025-10-17T20:24:58,stage2,282,300,1.1,0.8000000000000004,1.114488,0.096371,0.30000000000000004,0.5500000000000002,0.5870606210337916,0.06994406223510516,0.0
2025-10-17T20:25:05,stage2,283,300,1.1,0.8500000000000004,1.122299,0.096708,0.30000000000000004,0.5500000000000002,0.5870606210337916,0.06994406223510516,0.0
2025-10-17T20:25:11,stage2,284,300,1.1,0.9000000000000005,1.106365,0.096019,0.30000000000000004,0.5500000000000002,0.5870606210337916,0.06994406223510516,0.0
2025-10-17T20:25:18,stage2,285,300,1.1,0.9500000000000005,1.068431,0.094359,0.30000000000000004,0.5500000000000002,0.5870606210337916,0.06994406223510516,0.0
2025-10-17T20:25:24,stage2,286,300,1.1,1.0000000000000004,1.096964,0.09561,0.30000000000000004,0.5500000000000002,0.5870606210337916,0.06994406223510516,0.0
2025-10-17T20:25:31,stage2,287,300,1.1,1.0500000000000007,1.085348,0.095103,0.30000000000000004,0.5500000000000002,0.5870606210337916,0.06994406223510516,0.0
2025-10-17T20:25:38,stage2,288,300,1.1,1.1000000000000005,1.043286,0.093242,0.30000000000000004,0.5500000000000002,0.5870606210337916,0.06994406223510516,0.0
2025-10-17T20:25:45,stage2,289,300,1.1,1.1500000000000008,0.706095,0.076708,0.30000000000000004,0.5500000000000002,0.5870606210337916,0.06994406223510516,0.0
2025-10-17T20:25:52,stage2,290,300,1.1,1.2000000000000006,1.08875,0.095252,0.30000000000000004,0.5500000000000002,0.5870606210337916,0.06994406223510516,0.0
2025-10-17T20:25:59,stage2,291,300,1.1,1.2500000000000009,1.094736,0.095513,0.30000000000000004,0.5500000000000002,0.5870606210337916,0.06994406223510516,0.0
2025-10-17T20:26:05,stage2,292,300,1.1,1.3000000000000007,1.047464,0.093428,0.30000000000000004,0.5500000000000002,0.5870606210337916,0.06994406223510516,0.0
2025-10-17T20:26:12,stage2,293,300,1.1,1.350000000000001,1.080364,0.094884,0.30000000000000004,0.5500000000000002,0.5870606210337916,0.06994406223510516,0.0
2025-10-17T20:26:18,stage2,294,300,1.1,1.4000000000000008,1.065795,0.094242,0.30000000000000004,0.5500000000000002,0.5870606210337916,0.06994406223510516,0.0
2025-10-17T20:26:25,stage2,295,300,1.1,1.450000000000001,1.124897,0.09682,0.30000000000000004,0.5500000000000002,0.5870606210337916,0.06994406223510516,0.0
2025-10-17T20:26:32,stage2,296,300,1.1,1.5000000000000009,1.089244,0.095273,0.30000000000000004,0.5500000000000002,0.5870606210337916,0.06994406223510516,0.0
2025-10-17T20:26:38,stage2,297,300,1.1,1.5500000000000012,0.849238,0.084125,0.30000000000000004,0.5500000000000002,0.5870606210337916,0.06994406223510516,0.0
2025-10-17T20:26:45,stage2,298,300,1.1,1.600000000000001,1.088868,0.095257,0.30000000000000004,0.5500000000000002,0.5870606210337916,0.06994406223510516,0.0
2025-10-17T20:26:52,stage2,299,300,1.1,1.6500000000000012,1.070212,0.094437,0.30000000000000004,0.5500000000000002,0.5870606210337916,0.06994406223510516,0.0
2025-10-17T20:26:58,stage2,300,300,1.1,1.700000000000001,1.041507,0.093162,0.30000000000000004,0.5500000000000002,0.5870606210337916,0.06994406223510516,0.0
